name,version,description,properties,format,size (MB),date,language,license,license_uri,download,link_to_script,preview_link,source_link,statistics
all.edges,20200504,A file with all edges in Wikidata.,all,kgtk (.gz),16000,5/20/2020,all,CC-0,https://creativecommons.org/share-your-work/public-domain/cc0/,https://drive.google.com/file/d/1k56ly2dyssyb9i6CNnm4r0_UHnL4uQUL/view?usp=sharing,https://drive.google.com/file/d/1Aq3HO3OJvcifG_P9XHcFpVqUjaAv01Cb/view?usp=sharing,,,
all.nodes,20200504,"A file with all nodes in Wikidata, including their English labels and aliases.",all,kgtk (.gz),2000,5/11/2020,en,CC-0,https://creativecommons.org/share-your-work/public-domain/cc0/,https://drive.google.com/file/d/1kTiyCHgH0HSmrDUjvBCBLtCGXX6vPSPO/view?usp=sharing,https://drive.google.com/file/d/1Aq3HO3OJvcifG_P9XHcFpVqUjaAv01Cb/view?usp=sharing,https://usc-isi-i2.github.io/wikidata-kgtk-releases/website/previsualization/nodes.all.txt,,
all.qualifiers,20200504,A file with all qualifiers in Wikidata.,all,kgtk (.gz),2000,5/11/2020,all,CC-0,https://creativecommons.org/share-your-work/public-domain/cc0/,https://drive.google.com/file/d/1k7Rd5UQ87FctjbXPyLIowweIYgjJtP8I/view?usp=sharing,https://drive.google.com/file/d/1Aq3HO3OJvcifG_P9XHcFpVqUjaAv01Cb/view?usp=sharing,,,
nodes.pagerank,20200504,A file with only PageRank values for each node in Wikidata.,all,kgtk (.gz),886,6/5/2020,,CC-0,https://creativecommons.org/share-your-work/public-domain/cc0/,https://drive.google.com/file/d/1l500ihG2vNdp7VDZ8A-U2Qrry67Ua--i/view?usp=sharing,https://drive.google.com/file/d/1Aq3HO3OJvcifG_P9XHcFpVqUjaAv01Cb/view?usp=sharing,,,
edges.P31,20200504,A file with all P31 (instance-of) edges in Wikidata.,P31,kgtk (.gz),500,5/11/2020,all,CC-0,https://creativecommons.org/share-your-work/public-domain/cc0/,https://drive.google.com/file/d/1kIvzzi3jaCO4EJwwyHw-Q_hf3Ge0iG0y/view?usp=sharing,https://drive.google.com/file/d/1Aq3HO3OJvcifG_P9XHcFpVqUjaAv01Cb/view?usp=sharing,,,
all.alias.en,20200803-v2,A file with all the aliases in Wikidata in English,,kgtk (.gz),106,3/8/2020,en,CC-0,https://creativecommons.org/share-your-work/public-domain/cc0/,https://drive.google.com/file/d/1VeD8jsq3W6xqJTDe6zetBHz_roO3oHoJ/view?usp=sharing,https://github.com/usc-isi-i2/kgtk/blob/dev/examples/Example7%20-%20Wikidata%20Outputs.ipynb,https://usc-isi-i2.github.io/wikidata-kgtk-releases/website/previsualization/20200803-v2/all.alias.en.tsv.gz.sample.tsv,,
all.alias,20200803-v2,A file with all the aliases in Wikidata,,kgtk (.gz),737,3/8/2020,all,CC-0,https://creativecommons.org/share-your-work/public-domain/cc0/,https://drive.google.com/file/d/1wx1MdxTwcGFzaHnwo7x2hogZy3z6_XBk/view?usp=sharing,https://github.com/usc-isi-i2/kgtk/blob/dev/examples/Example7%20-%20Wikidata%20Outputs.ipynb,https://usc-isi-i2.github.io/wikidata-kgtk-releases/website/previsualization/20200803-v2/all.alias.tsv.gz.sample.tsv,,
all.commonsMedia,20200803-v2,File with all the commonsMedia instances in Wikidata,,kgtk (.gz),105,3/8/2020,all,CC-0,https://creativecommons.org/share-your-work/public-domain/cc0/,https://drive.google.com/file/d/10Hv6fg8R6GOFcIlMHKpmOSvtUkggToRQ/view?usp=sharing,https://github.com/usc-isi-i2/kgtk/blob/dev/examples/Example7%20-%20Wikidata%20Outputs.ipynb,https://usc-isi-i2.github.io/wikidata-kgtk-releases/website/previsualization/20200803-v2/all.commonsMedia.tsv.gz.sample.tsv,,
all.description.en,20200803-v2,File with all English descriptions in Wikidata,,kgtk (.gz),989,3/8/2020,en,CC-0,https://creativecommons.org/share-your-work/public-domain/cc0/,https://drive.google.com/file/d/1dXqRw5hSVhVDGVHQ10nAxhsYFyucANLh/view?usp=sharing,https://github.com/usc-isi-i2/kgtk/blob/dev/examples/Example7%20-%20Wikidata%20Outputs.ipynb,https://usc-isi-i2.github.io/wikidata-kgtk-releases/website/previsualization/20200803-v2/all.description.en.tsv.gz.sample.tsv,,
all.description,20200803-v2,File with all descriptions in Wikidata,,kgtk (.gz),20000,3/8/2020,all,CC-0,https://creativecommons.org/share-your-work/public-domain/cc0/,https://drive.google.com/file/d/16Fx1E_TkSOXnn3D7ErQfPT2pq5kyeNLE/view?usp=sharing,https://github.com/usc-isi-i2/kgtk/blob/dev/examples/Example7%20-%20Wikidata%20Outputs.ipynb,https://usc-isi-i2.github.io/wikidata-kgtk-releases/website/previsualization/20200803-v2/all.description.tsv.gz.sample.tsv,,
all.external-id,20200803-v2,File with all external ids in Wikidata,,kgtk (.gz),2000,3/8/2020,,CC-0,https://creativecommons.org/share-your-work/public-domain/cc0/,https://drive.google.com/file/d/1ebeUL9IBQ50K68Nzk2kw9pfh8wYFjOWo/view?usp=sharing,https://github.com/usc-isi-i2/kgtk/blob/dev/examples/Example7%20-%20Wikidata%20Outputs.ipynb,https://usc-isi-i2.github.io/wikidata-kgtk-releases/website/previsualization/20200803-v2/all.alias.en.tsv.gz.sample.tsv,,
all.geo-shape,20200803-v2,File with all the geoshapes in Wikidata,,kgtk (.gz),0.415,3/8/2020,,CC-0,https://creativecommons.org/share-your-work/public-domain/cc0/,https://drive.google.com/file/d/1qLt_d0Hd4feTJQHByeRpg4RI8QC-ESkh/view?usp=sharing,https://github.com/usc-isi-i2/kgtk/blob/dev/examples/Example7%20-%20Wikidata%20Outputs.ipynb,https://usc-isi-i2.github.io/wikidata-kgtk-releases/website/previsualization/20200803-v2/all.geo-shape.tsv.gz.sample.tsv,,
all.globe-coordinate,20200803-v2,File with all globe coordinates in Wikidata,,kgtk (.gz),122,3/8/2020,,CC-0,https://creativecommons.org/share-your-work/public-domain/cc0/,https://drive.google.com/file/d/1L9H_Nt8f0haQydXO-f-_veEszar7n_qd/view?usp=sharing,https://github.com/usc-isi-i2/kgtk/blob/dev/examples/Example7%20-%20Wikidata%20Outputs.ipynb,https://usc-isi-i2.github.io/wikidata-kgtk-releases/website/previsualization/20200803-v2/all.globe-coordinate.tsv.gz.sample.tsv,,
all.isa,20200803-v2,File with all is-a relationships in Wikidata,,kgtk (.gz),318,3/8/2020,,CC-0,https://creativecommons.org/share-your-work/public-domain/cc0/,https://drive.google.com/file/d/1Op_p2VCLkz-HlP-mBqo7LOOrkjXhIDIf/view?usp=sharing,https://github.com/usc-isi-i2/kgtk/blob/dev/examples/Example7%20-%20Wikidata%20Outputs.ipynb,https://usc-isi-i2.github.io/wikidata-kgtk-releases/website/previsualization/20200803-v2/all.isa.tsv.gz.sample.tsv,,
all.label.en,20200803-v2,File with all English labels in Wikidata,,kgtk (.gz),2000,3/8/2020,en,CC-0,https://creativecommons.org/share-your-work/public-domain/cc0/,https://drive.google.com/file/d/1N9VyRMuGSD98AfuMtaEdzsnUJlxqslHI/view?usp=sharing,https://github.com/usc-isi-i2/kgtk/blob/dev/examples/Example7%20-%20Wikidata%20Outputs.ipynb,https://usc-isi-i2.github.io/wikidata-kgtk-releases/website/previsualization/20200803-v2/all.label.en.tsv.gz.sample.tsv,,
all.label,20200803-v2,File with all labels in Wikidata (all languages),,kgtk (.gz),6000,3/8/2020,all,CC-0,https://creativecommons.org/share-your-work/public-domain/cc0/,https://drive.google.com/file/d/1zXRRlKkPapnwlMYJXcFwxmqobnHsig5_/view?usp=sharing,https://github.com/usc-isi-i2/kgtk/blob/dev/examples/Example7%20-%20Wikidata%20Outputs.ipynb,https://usc-isi-i2.github.io/wikidata-kgtk-releases/website/previsualization/20200803-v2/all.label.tsv.gz.sample.tsv,,
all.math,20200803-v2,File with all math expresions in Wikidata,,kgtk (.gz),0.408,3/8/2020,,CC-0,https://creativecommons.org/share-your-work/public-domain/cc0/,https://drive.google.com/file/d/1yuKk7mkcZTF-OSgdZ2xupkQx1ZAZI7e8/view?usp=sharing,https://github.com/usc-isi-i2/kgtk/blob/dev/examples/Example7%20-%20Wikidata%20Outputs.ipynb,https://usc-isi-i2.github.io/wikidata-kgtk-releases/website/previsualization/20200803-v2/all.math.tsv.gz.sample.tsv,,
all.monolingualtext,20200803-v2,File with all monolingual text in Wikidata,,kgtk (.gz),2000,3/8/2020,all,CC-0,https://creativecommons.org/share-your-work/public-domain/cc0/,https://drive.google.com/file/d/1PVa_OiZDs8zURoknCnCJJnxl31vHXwuu/view?usp=sharing,https://github.com/usc-isi-i2/kgtk/blob/dev/examples/Example7%20-%20Wikidata%20Outputs.ipynb,https://usc-isi-i2.github.io/wikidata-kgtk-releases/website/previsualization/20200803-v2/all.monolingualtext.tsv.gz.sample.tsv,,
all.musical-notation,20200803-v2,File with all musical notation in Wikidata,,kgtk (.gz),0.017,3/8/2020,,CC-0,https://creativecommons.org/share-your-work/public-domain/cc0/,https://drive.google.com/file/d/1EPweh09YgnJ2BopS6XYhVB1WqI1fpuA9/view?usp=sharing,https://github.com/usc-isi-i2/kgtk/blob/dev/examples/Example7%20-%20Wikidata%20Outputs.ipynb,https://usc-isi-i2.github.io/wikidata-kgtk-releases/website/previsualization/20200803-v2/all.musical-notation.tsv.gz.sample.tsv,,
all.P31,20200803-v2,File with all P31 poperties in Wikidata (instance of),P31,kgtk (.gz),518,3/8/2020,all,CC-0,https://creativecommons.org/share-your-work/public-domain/cc0/,https://drive.google.com/file/d/1qkrMzN38LVBFI9fsIUaWbrVE6Tw4bEQ5/view?usp=sharing,https://github.com/usc-isi-i2/kgtk/blob/dev/examples/Example7%20-%20Wikidata%20Outputs.ipynb,https://usc-isi-i2.github.io/wikidata-kgtk-releases/website/previsualization/20200803-v2/all.P31.tsv.gz.sample.tsv,,
all.P31_P279,20200803-v2,File with all P31 (instance of) and P279 (subclass of) in Wikidata,P31;P279,kgtk (.gz),498,3/8/2020,all,CC-0,https://creativecommons.org/share-your-work/public-domain/cc0/,https://drive.google.com/file/d/128Q3UkV1CJ4V0k4uq-BjSR1dBOLitkhC/view?usp=sharing,https://github.com/usc-isi-i2/kgtk/blob/dev/examples/Example7%20-%20Wikidata%20Outputs.ipynb,https://usc-isi-i2.github.io/wikidata-kgtk-releases/website/previsualization/20200803-v2/all.P31_P279.tsv.gz.sample.tsv,,
all.P279,20200803-v2,File with all the P279 properties in Wikidata (subclass of),P279,kgtk (.gz),20,3/8/2020,all,CC-0,https://creativecommons.org/share-your-work/public-domain/cc0/,https://drive.google.com/file/d/1EkBCXR0yqYbo-8M6uXF-0YvbaW9OBrY4/view?usp=sharing,https://github.com/usc-isi-i2/kgtk/blob/dev/examples/Example7%20-%20Wikidata%20Outputs.ipynb,https://usc-isi-i2.github.io/wikidata-kgtk-releases/website/previsualization/20200803-v2/all.P279.tsv.gz.sample.tsv,,
all.P279star,20200803-v2,File with the transitive closure of the P279 property (subclass of) in Wikidata,P279*,kgtk (.gz),517,3/8/2020,all,CC-0,https://creativecommons.org/share-your-work/public-domain/cc0/,https://drive.google.com/file/d/1dWUYgMXqvHj6vdSNQk_FC5nBq61iYZLv/view?usp=sharing,https://github.com/usc-isi-i2/kgtk/blob/dev/examples/Example7%20-%20Wikidata%20Outputs.ipynb,https://usc-isi-i2.github.io/wikidata-kgtk-releases/website/previsualization/20200803-v2/all.P279star.tsv.gz.sample.tsv,,
all.quantity,20200803-v2,File with all quantities in Wikidata,,kgtk (.gz),1000,3/8/2020,,CC-0,https://creativecommons.org/share-your-work/public-domain/cc0/,https://drive.google.com/file/d/1rGY1zEDJXmAfjqXQmdPyr0phXWYcOMrB/view?usp=sharing,https://github.com/usc-isi-i2/kgtk/blob/dev/examples/Example7%20-%20Wikidata%20Outputs.ipynb,https://usc-isi-i2.github.io/wikidata-kgtk-releases/website/previsualization/20200803-v2/all.quantity.tsv.gz.sample.tsv,,
all.string,20200803-v2,File with all string literals in Wikidata,,kgtk (.gz),3000,3/8/2020,all,CC-0,https://creativecommons.org/share-your-work/public-domain/cc0/,https://drive.google.com/file/d/1vbAWmjBCxHbSHuykn14ieCJKttyArIgL/view?usp=sharing,https://github.com/usc-isi-i2/kgtk/blob/dev/examples/Example7%20-%20Wikidata%20Outputs.ipynb,https://usc-isi-i2.github.io/wikidata-kgtk-releases/website/previsualization/20200803-v2/all.string.tsv.gz.sample.tsv,,
all.time,20200803-v2,File with all the time literals in Wikidata,,kgtk (.gz),423,3/8/2020,,CC-0,https://creativecommons.org/share-your-work/public-domain/cc0/,https://drive.google.com/file/d/1MpzxBFWwkJd2BU3boFYktzmMuchby9nW/view?usp=sharing,https://github.com/usc-isi-i2/kgtk/blob/dev/examples/Example7%20-%20Wikidata%20Outputs.ipynb,https://usc-isi-i2.github.io/wikidata-kgtk-releases/website/previsualization/20200803-v2/all.time.tsv.gz.sample.tsv,,
all.type,20200803-v2,File with all the type in Wikidata,,kgtk (.gz),462,3/8/2020,all,CC-0,https://creativecommons.org/share-your-work/public-domain/cc0/,https://drive.google.com/file/d/15TqNB8ibVuBJl6xTpUC9ImezReyvyQ1P/view?usp=sharing,https://github.com/usc-isi-i2/kgtk/blob/dev/examples/Example7%20-%20Wikidata%20Outputs.ipynb,https://usc-isi-i2.github.io/wikidata-kgtk-releases/website/previsualization/20200803-v2/all.type.tsv.gz.sample.tsv,,
all.url,20200803-v2,File with all the URL literals in Wikidata,,kgtk (.gz),102,3/8/2020,,CC-0,https://creativecommons.org/share-your-work/public-domain/cc0/,https://drive.google.com/file/d/1TBqLXd0oexIPj4g-Ua0NUvFZUY_z9edE/view?usp=sharing,https://github.com/usc-isi-i2/kgtk/blob/dev/examples/Example7%20-%20Wikidata%20Outputs.ipynb,https://usc-isi-i2.github.io/wikidata-kgtk-releases/website/previsualization/20200803-v2/all.url.tsv.gz.sample.tsv,,
all.wikibase-form,20200803-v2,File with all wikibase form literals in Wikidata,,kgtk (.gz),0.004,3/8/2020,,CC-0,https://creativecommons.org/share-your-work/public-domain/cc0/,https://drive.google.com/file/d/1ZuMIDQYJzvdIwIRRzbXtSrdsazC8Fjem/view?usp=sharing,https://github.com/usc-isi-i2/kgtk/blob/dev/examples/Example7%20-%20Wikidata%20Outputs.ipynb,https://usc-isi-i2.github.io/wikidata-kgtk-releases/website/previsualization/20200803-v2/all.wikibase-form.tsv.gz.sample.tsv,,
all.wikibase-item,20200803-v2,File with all wikibase items in Wikidata,,kgtk (.gz),4000,3/8/2020,,CC-0,https://creativecommons.org/share-your-work/public-domain/cc0/,https://drive.google.com/file/d/1db313QsaiPn9-FZUm4j8ce7mAng_wDkL/view?usp=sharing,https://github.com/usc-isi-i2/kgtk/blob/dev/examples/Example7%20-%20Wikidata%20Outputs.ipynb,https://usc-isi-i2.github.io/wikidata-kgtk-releases/website/previsualization/20200803-v2/all.wikibase-item.tsv.gz.sample.tsv,,
all.wikibase-property,20200803-v2,File with all wikibase properties in Wikidata,,kgtk (.gz),0.25,3/8/2020,,CC-0,https://creativecommons.org/share-your-work/public-domain/cc0/,https://drive.google.com/file/d/1W2ze56K1oD2HdZ8ZBgUfgkfhraUg7KFl/view?usp=sharing,https://github.com/usc-isi-i2/kgtk/blob/dev/examples/Example7%20-%20Wikidata%20Outputs.ipynb,https://usc-isi-i2.github.io/wikidata-kgtk-releases/website/previsualization/20200803-v2/all.wikibase-property.tsv.gz.sample.tsv,,
all.wikidatatype.distribution,20200803-v2,File with all distribution wikidatatypes in Wikidata,,kgtk (.gz),0.002,3/8/2020,,CC-0,https://creativecommons.org/share-your-work/public-domain/cc0/,https://drive.google.com/file/d/1WbquBKN0pFwg-kAlCRVB5-lkwTMnaiSp/view?usp=sharing,https://github.com/usc-isi-i2/kgtk/blob/dev/examples/Example7%20-%20Wikidata%20Outputs.ipynb,https://usc-isi-i2.github.io/wikidata-kgtk-releases/website/previsualization/20200803-v2/all.wikidatatype.distribution.tsv.gz.sample.tsv,,
all.wikipedia_sitelink,20200803-v2,File with all wikipedia sitelinks in Wikidata,,kgtk (.gz),864,3/8/2020,,CC-0,https://creativecommons.org/share-your-work/public-domain/cc0/,https://drive.google.com/file/d/16shh6YSe9_9zoKNGudO89Ocsd3R1z8eM/view?usp=sharing,https://github.com/usc-isi-i2/kgtk/blob/dev/examples/Example7%20-%20Wikidata%20Outputs.ipynb,https://usc-isi-i2.github.io/wikidata-kgtk-releases/website/previsualization/20200803-v2/all.wikipedia_sitelink.tsv.gz.sample.tsv,,
all.datatypes,20200803-v3,File with counts of claim edges in Wikidata grouped by Wikidata datatype,,kgtk,0.000421,10/23/2020,,CC-0,https://creativecommons.org/share-your-work/public-domain/cc0/,https://drive.google.com/file/d/1GKmN1STbwbKOdLJpCAdHEgkVBEkxjx0N/view?usp=sharing,,,,
all.full,20200803-v3,File with all claim edges in Wikidata with additional metadata columns,,kgtk (.gz),51000,10/23/2020,,CC-0,https://creativecommons.org/share-your-work/public-domain/cc0/,https://drive.google.com/file/d/1TN5ZUpeF8GLyPHZtuUiSm62ejF9yVKsM/view?usp=sharing,,,,
all,20200803-v3,File with all claim edges with rank and Wikidata datatype columns,,kgtk (.gz),23000,10/23/2020,,CC-0,https://creativecommons.org/share-your-work/public-domain/cc0/,https://drive.google.com/file/d/1ZXQwpEGXh8brqjbWIAwN8vunruj0exPh/view?usp=sharing,,,,
node,20200803-v3,File with all Wikidata entity IDs: item (Q####) and property (P####),,kgtk (.gz),185,10/23/2020,,CC-0,https://creativecommons.org/share-your-work/public-domain/cc0/,https://drive.google.com/file/d/1laq1oCtcF3Y6O4BuIC91Flb18_3D22iL/view?usp=sharing,,,,
part.alias.en,20200803-v3,File with all Wikidata entity aliases in English,,kgtk (.gz),124,10/23/2020,,CC-0,https://creativecommons.org/share-your-work/public-domain/cc0/,https://drive.google.com/file/d/1L8nntahJm430L874L0I-jwkBDw6phA1R/view?usp=sharing ,,,,
part.alias,20200803-v3,File with all Wikidata entity aliases.,,kgtk (.gz),1000,10/23/2020,,CC-0,https://creativecommons.org/share-your-work/public-domain/cc0/,https://drive.google.com/file/d/1xfe-GI0vhUmeGp7o_tJWNo5SGyXpndRD/view?usp=sharing,,,,
part.commonsMedia.qual,20200803-v3,File with qualifier edges for claims edges where the object has a commonsMedia Wikidata datatype.,,kgtk (.gz),10,10/23/2020,,CC-0,https://creativecommons.org/share-your-work/public-domain/cc0/,https://drive.google.com/file/d/1-b97oXFKlp75Hf2iP87jNP8tUURZS2tu/view?usp=sharing,,,,
part.commonsMedia,20200803-v3,File with claims edges where the object has  a commonsMedia Wikidata datatype.,,kgtk (.gz),141,10/23/2020,,CC-0,https://creativecommons.org/share-your-work/public-domain/cc0/,https://drive.google.com/file/d/10o8FlIe9q4MIw3obl2RJhsFsnMlolbO9/view?usp=sharing,,,,
part.description.en,20200803-v3,File with all Wikidata entity descriptions in English.,,kgtk (.gz),560,10/23/2020,,CC-0,https://creativecommons.org/share-your-work/public-domain/cc0/,https://drive.google.com/file/d/11D7s45UNeEntBA48M3ywG_Kf4LnOZWWE/view?usp=sharing,,,,
part.description,20200803-v3,File with all Wikidata entity descriptions.,,kgtk (.gz),20000,10/23/2020,,CC-0,https://creativecommons.org/share-your-work/public-domain/cc0/,https://drive.google.com/file/d/11YRe0n7aB8VmZR7WNu0BCnS-mhgPU-Bm/view?usp=sharing ,,,,
part.external-id.qual,20200803-v3,File with qualifier edges for claims edges where the object has an external-id Wikidata datatype.,,kgtk (.gz),60,10/23/2020,,CC-0,https://creativecommons.org/share-your-work/public-domain/cc0/,https://drive.google.com/file/d/11tcxWq5kZnagbOMecDXrnZo7cuuZuXpV/view?usp=sharing ,,,,
part.external-id,20200803-v3,File with claims edges where the object has an external-id Wikidata datatype.,,kgtk (.gz),3000,10/23/2020,,CC-0,https://creativecommons.org/share-your-work/public-domain/cc0/,https://drive.google.com/file/d/12HXaOIv8xtsbGpzfjxmwC4OX2-9pKelg/view?usp=sharing ,,,,
part.geo-shape.qual,20200803-v3,File with qualifier edges for claims edges where the object has a geo-shape Wikidata datatype.,,kgtk (.gz),0.002,10/23/2020,,CC-0,https://creativecommons.org/share-your-work/public-domain/cc0/,https://drive.google.com/file/d/13kLH7G-UlXxT1D36RTrjUc9YtcjiaUSj/view?usp=sharing ,,,,
part.geo-shape,20200803-v3,File with claims edges where the object has a geo-shape Wikidata datype.,,kgtk (.gz),0.624,10/23/2020,,CC-0,https://creativecommons.org/share-your-work/public-domain/cc0/,https://drive.google.com/file/d/13wuGH_XRC7SKtC2Ee7hgUjwpXf8ErP60/view?usp=sharing ,,,,
part.globe-coordinate.qual,20200803-v3,File with qualifier edges for claims edges where the object has a globe-coordinate Wikidata datatype.,,kgtk (.gz),2,10/23/2020,,CC-0,https://creativecommons.org/share-your-work/public-domain/cc0/,https://drive.google.com/file/d/14JK4AkWm979dG2les1C5WzIGl4JfDCCa/view?usp=sharing ,,,,
part.globe-coordinate,20200803-v3,File with claims edges where the object has a globe-coordinate Wikidata datatype.,,kgtk (.gz),199,10/23/2020,,CC-0,https://creativecommons.org/share-your-work/public-domain/cc0/,https://drive.google.com/file/d/14q5bJsK_OhKC4CLaKN-K4WNPN7ttAxsa/view?usp=sharing ,,,,
part.label.en,20200803-v3,File with all Wikidata entity labels in English.,,kgtk (.gz),2000,10/23/2020,,CC-0,https://creativecommons.org/share-your-work/public-domain/cc0/,https://drive.google.com/file/d/15NRfM9DVF1T7_ETBXj4FlwPy2MGxxalq/view?usp=sharing ,,,,
part.label,20200803-v3,File with all Wikidata entity labels.,,kgtk (.gz),5000,10/23/2020,,CC-0,https://creativecommons.org/share-your-work/public-domain/cc0/,https://drive.google.com/file/d/15_mRRZmWEFCnbtqH9bE9C91LXj4E4igS/view?usp=sharing ,,,,
part.math.qual,20200803-v3,File with qualifier edges for claims edges where the object has a math Wikidata datatype.,,kgtk (.gz),0.009,10/23/2020,,CC-0,https://creativecommons.org/share-your-work/public-domain/cc0/,https://drive.google.com/file/d/168UC6cpvHgHkGOam67KoHA3pW8UciCQ2/view?usp=sharing ,,,,
part.math,20200803-v3,File with claims edges where the object has a math Wikidata datatype.,,kgtk (.gz),0.57,10/23/2020,,CC-0,https://creativecommons.org/share-your-work/public-domain/cc0/,https://drive.google.com/file/d/16c92WG6zFvrWnGc-lkbgXFTuV3Cjy1fX/view?usp=sharing ,,,,
part.monolingualtext.qual,20200803-v3,File with qualifier edges for claims edges where the object has a monolingual Wikidata datatype.,,kgtk (.gz),4,10/23/2020,,CC-0,https://creativecommons.org/share-your-work/public-domain/cc0/,https://drive.google.com/file/d/16zD-nmBLiwDFUVaGo7ao6108HvetO_Ee/view?usp=sharing ,,,,
part.monolingualtext,20200803-v3,File with claims edges where the object has a monolingual Wikidata datatype.,,kgtk (.gz),2000,10/23/2020,,CC-0,https://creativecommons.org/share-your-work/public-domain/cc0/,https://drive.google.com/file/d/17xG4MmDp8oQ7SbEYCiaeMKoLVjeVnLnI/view?usp=sharing ,,,,
part.musical-notation.qual,20200803-v3,File with qualifier edges for claims edges where the object has a musical-notation Wikidata datatype.,,kgtk (.gz),0.002,10/23/2020,,CC-0,https://creativecommons.org/share-your-work/public-domain/cc0/,https://drive.google.com/file/d/191X8wpNEARgXFcHzC-XsUlfuHGqaMXwJ/view?usp=sharing ,,,,
part.musical-notation,20200803-v3,File with claims edges where the object has a musical-notation Wikidata datatype.,,kgtk (.gz),0.025,10/23/2020,,CC-0,https://creativecommons.org/share-your-work/public-domain/cc0/,https://drive.google.com/file/d/19Nkam7fgkww2P7cn-RtOI2Omwb8-7Qgk/view?usp=sharing ,,,,
part.other.qual,20200803-v3,File with qualifier edges for claims edges where the object did not match a known Wikidata datatype.,,kgtk (.gz),0.000007,10/23/2020,,CC-0,https://creativecommons.org/share-your-work/public-domain/cc0/,https://drive.google.com/file/d/19R7ZMWMmISQcDSE13hk-4UYB1-2hLwcU/view?usp=sharing ,,,,
part.other,20200803-v3,File with claims edges where the object did not match a known Wikidata datatype.,,kgtk (.gz),0.000007,10/23/2020,,CC-0,https://creativecommons.org/share-your-work/public-domain/cc0/,https://drive.google.com/file/d/1AKVMLUe1W4xNgwajw2LYbh0ZkqPKWGh2/view?usp=sharing ,,,,
part.property.commonsMedia.qual,20200803-v3,File with qualifier edges for claims edges where the subject is a property and the object has a commonsMedia Wikidata datatype.,,kgtk (.gz),0.003,10/23/2020,,CC-0,https://creativecommons.org/share-your-work/public-domain/cc0/,https://drive.google.com/file/d/1B5TpwFqnuk1iZd1arZG2qCYnEe4JEKB0/view?usp=sharing ,,,,
part.property.commonsMedia,20200803-v3,File with claims edges where the subject is a property and the object has a commonsMedia Wikidata datatype.,,kgtk (.gz),0.003,10/23/2020,,CC-0,https://creativecommons.org/share-your-work/public-domain/cc0/,https://drive.google.com/file/d/1BoTqFsGEj8Oxd3cf6TvbXR07pdUsNTlK/view?usp=sharing ,,,,
part.property.counts-with-labels,20200803-v3,"File with property entity IDs, the number of edges where the subject is the property ID, and the English label for the priperty entity.",,kgtk (.gz),0.002,10/23/2020,,CC-0,https://creativecommons.org/share-your-work/public-domain/cc0/,https://drive.google.com/file/d/1C7FUHr8VyxaDeZxXiTxNoQyl0ZSwWysq/view?usp=sharing ,,,,
part.property.datatypes,20200803-v3,File with a count of Wikidata data types for claims edges where the subject is a property.,,kgtk ,0.003,10/23/2020,,CC-0,https://creativecommons.org/share-your-work/public-domain/cc0/,https://drive.google.com/file/d/1C9SO5vsNmbWsUfTXvH3hlUWKx9Seflvy/view?usp=sharing ,,,,
part.property.external-id.qual,20200803-v3,File with qualifier edges for claims edges where the subject is a property and the object has an external-id Wikidata datatype.,,kgtk (.gz),0.003,10/23/2020,,CC-0,https://creativecommons.org/share-your-work/public-domain/cc0/,https://drive.google.com/file/d/1D3tZxxQotmtOWrmxo92zPP61Qq7ywHDF/view?usp=sharing ,,,,
part.property.external-id,20200803-v3,File with claims edges where the subject is a property and the object has an external-ID Wikidata datatype.,,kgtk (.gz),0.037,10/23/2020,,CC-0,https://creativecommons.org/share-your-work/public-domain/cc0/,https://drive.google.com/file/d/1DQawHUcuNftEiP_4SlAeV2Q_1W3M854d/view?usp=sharing ,,,,
part.property.geo-shape.qual,20200803-v3,File with qualifier edges for claims edges where the subject is a property and the object has a geo-shape Wikidata datatype.,,kgtk (.gz),0.000008,10/23/2020,,CC-0,https://creativecommons.org/share-your-work/public-domain/cc0/,https://drive.google.com/file/d/1EGN-dbVwLOlMEgqmotwNaoUe6urGKuNi/view?usp=sharing ,,,,
part.property.geo-shape,20200803-v3,File with claims edgres where the subject is a property and the object has a geo-shape Wikidata datatype.,,kgtk (.gz),0.000008,10/23/2020,,CC-0,https://creativecommons.org/share-your-work/public-domain/cc0/,https://drive.google.com/file/d/1ENJECJb0Whjfw9h5WDM72ZjtNhndQnDd/view?usp=sharing ,,,,
part.property.globe-coordinate.qual,20200803-v3,File with qualifier edges for claims edges where the subject is a property and the object has a globe-coordinate Wikidata datatype.,,kgtk (.gz),0.000091,10/23/2020,,CC-0,https://creativecommons.org/share-your-work/public-domain/cc0/,https://drive.google.com/file/d/1GD0HGLYV9yvkYsF4nQwIvqqDHAXfcWsM/view?usp=sharing ,,,,
part.property.globe-coordinate,20200803-v3,File with claims edges where the subject is a property and the object has a globe-coordinate Wikidata datatype.,,kgtk (.gz),0.000091,10/23/2020,,CC-0,https://creativecommons.org/share-your-work/public-domain/cc0/,https://drive.google.com/file/d/1GEZuITx9myRYWR5XYjmovTdpgAlvGb0J/view?usp=sharing ,,,,
part.property.math.qual,20200803-v3,File with qualifier edges for claims edges where the subject is a property and the object has a math Wikidata datatype.,,kgtk (.gz),0.00008,10/23/2020,,CC-0,https://creativecommons.org/share-your-work/public-domain/cc0/,https://drive.google.com/file/d/1GiIhfq68tNDNwXDzYllvjGCVFmIDOUSM/view?usp=sharing ,,,,
part.property.math,20200803-v3,File with claims edges where the subject is a property and the object has a math Wikidata datatype.,,kgtk (.gz),0.00024,10/23/2020,,CC-0,https://creativecommons.org/share-your-work/public-domain/cc0/,https://drive.google.com/file/d/1IDQLjPvYIHWuW1iQw2ma-Fk3i6iBpdMK/view?usp=sharing ,,,,
part.property.monolingualtext.qual,20200803-v3,File with qualifier edges for claims edges where the subject is a property and the object thas a monolingual text Wikidata datatype.,,kgtk (.gz),0.00072,10/23/2020,,CC-0,https://creativecommons.org/share-your-work/public-domain/cc0/,https://drive.google.com/file/d/1IO-blEdrUcSYO99NWGYve-fxZuSHda_B/view?usp=sharing ,,,,
part.property.monolingualtext,20200803-v3,File with claims edges where the subject is a property and the object has a monolingual text Wilidata datatype.,,kgtk (.gz),0.061,10/23/2020,,CC-0,https://creativecommons.org/share-your-work/public-domain/cc0/,https://drive.google.com/file/d/1IQbYioahi4Bq3SEzNNynD4EqBl-0egJf/view?usp=sharing ,,,,
part.property.musical-notation.qual,20200803-v3,File with qualifier edges for claims edges where the subject is a property and the object has a musical-notation Wikidata datatype.,,kgtk (.gz),0.000091,10/23/2020,,CC-0,https://creativecommons.org/share-your-work/public-domain/cc0/,https://drive.google.com/file/d/1J_mjJKnnI-wddZl3DlFxcCJ3j7INBp65/view?usp=sharing ,,,,
part.property.musical-notation,20200803-v3,File with claims edges where the subject is a property and the object has a musical-notation Wikidata datatype.,,kgtk (.gz),0.000091,10/23/2020,,CC-0,https://creativecommons.org/share-your-work/public-domain/cc0/,https://drive.google.com/file/d/1Jfeug5ACAOLKbK3EZHXry0nfh2NxzwRk/view?usp=sharing ,,,,
part.property.other.qual,20200803-v3,File with qualifier edges for claims edges where the subject is a property and the object did not match any known Wikidata datatype.,,kgtk (.gz),0.000008,10/23/2020,,CC-0,https://creativecommons.org/share-your-work/public-domain/cc0/,https://drive.google.com/file/d/1KPGi0cY8QuMBBCM4Hk2g_hbG9zjfFIff/view?usp=sharing ,,,,
part.property.other,20200803-v3,File with claims edges where the subject is a property and the object did not match any Wikidata datatype.,,kgtk (.gz),0.000008,10/23/2020,,CC-0,https://creativecommons.org/share-your-work/public-domain/cc0/,https://drive.google.com/file/d/1KRBRjvdHiVmZ06M1oR0Wz_4X7qMGo_wn/view?usp=sharing ,,,,
part.property.qual,20200803-v3,File with qualifier edges for claims edges where the subject is a property.,,kgtk (.gz),2,10/23/2020,,CC-0,https://creativecommons.org/share-your-work/public-domain/cc0/,https://drive.google.com/file/d/1L5R7mdwzKlv0oV5_MlCWuYgdoZC6cUkt/view?usp=sharing ,,,,
part.property.quantity.qual,20200803-v3,File with qualifier edges for claims edges where the subject is a property and the object matched a quantity Wilidata datatype.,,kgtk (.gz),0.031,10/23/2020,,CC-0,https://creativecommons.org/share-your-work/public-domain/cc0/,https://drive.google.com/file/d/1LZPJxM4Jq_Bwehbo9us3a-t_m6H_PHQ3/view?usp=sharing ,,,,
part.property.quantity,20200803-v3,File with claims edges whee the subject is a property and the object is a quantity Wikidata datatype.,,kgtk (.gz),0.028,10/23/2020,,CC-0,https://creativecommons.org/share-your-work/public-domain/cc0/,https://drive.google.com/file/d/1N3Gy21wvHH593I3PVEN7l6FJEFikhhF-/view?usp=sharing ,,,,
part.property.string.qual,20200803-v3,File with qualifier edges for claims edges where the subject is a property and the object has a string Wikidata datatype.,,kgtk (.gz),0.077,10/23/2020,,CC-0,https://creativecommons.org/share-your-work/public-domain/cc0/,https://drive.google.com/file/d/1NXrUTg9iapH0wrvQp-oeOzaNVbQBxNPx/view?usp=sharing ,,,,
part.property.string,20200803-v3,File with claims edges where the subject is a property and the object has a string Wikidata datatype.,,kgtk (.gz),0.316,10/23/2020,,CC-0,https://creativecommons.org/share-your-work/public-domain/cc0/,https://drive.google.com/file/d/1OVqKSIbQgC4FrEZ-PwxdEmV2wQJKqp_q/view?usp=sharing ,,,,
part.property.tabular-data.qual,20200803-v3,File with qualifier edges for claims edges where the subject is a property and the object has a tabular-data Wikidata datatype.,,kgtk (.gz),0.00008,10/23/2020,,CC-0,https://creativecommons.org/share-your-work/public-domain/cc0/,https://drive.google.com/file/d/1Ph3d63Kdn7O8ud93ROPtkuPRYjkdPRkj/view?usp=sharing ,,,,
part.property.tabular-data,20200803-v3,File with claims edges where the subject is a property and the object has a tabular-data Wikidata datatype.,,kgtk (.gz),0.00008,10/23/2020,,CC-0,https://creativecommons.org/share-your-work/public-domain/cc0/,https://drive.google.com/file/d/1PqZ7O4xbKbM8Nkrdef3bwLOvAqr0-zsv/view?usp=sharing ,,,,
part.property.time.qual,20200803-v3,File with qualifier edges for claims edges where the subject is a propery and the object has a time Wikidata datatype.,,kgtk (.gz),0.00008,10/23/2020,,CC-0,https://creativecommons.org/share-your-work/public-domain/cc0/,https://drive.google.com/file/d/1QM1ejktigyuRMOarlDz4tO2R3cs5ZSPs/view?usp=sharing ,,,,
part.property.time,20200803-v3,File with claims edges where the subject is a property and the object has a time Wikidata datatype.,,kgtk (.gz),0.00025,10/23/2020,,CC-0,https://creativecommons.org/share-your-work/public-domain/cc0/,https://drive.google.com/file/d/1S0fJcDZTOle5OiQ-7Ijd4ClilIugNdkD/view?usp=sharing ,,,,
part.property,20200803-v3,File with claims edges where the subject is a property.,,kgtk (.gz),2,10/23/2020,,CC-0,https://creativecommons.org/share-your-work/public-domain/cc0/,https://drive.google.com/file/d/1SmLOyv5MafmgmNfHeStyYrIC5_rvft4R/view?usp=sharing ,,,,
part.property.url.qual,20200803-v3,File with qualifier edges for claims edges where the subject is a property and the object has a url Wikidata datatype.,,kgtk (.gz),0.015,10/23/2020,,CC-0,https://creativecommons.org/share-your-work/public-domain/cc0/,https://drive.google.com/file/d/1Spml15kBBrHbke9y1obvIyGb1Itrp70z/view?usp=sharing ,,,,
part.property.url,20200803-v3,File with claims edges where the subject is a property and the object has a url Wikidata datatype.,,kgtk (.gz),0.371,10/23/2020,,CC-0,https://creativecommons.org/share-your-work/public-domain/cc0/,https://drive.google.com/file/d/1TCuU6qh5GBqzbiLI2re2rf_j1A3ehVte/view?usp=sharing ,,,,
part.property.wikibase-form.qual,20200803-v3,File with qualifier edges for claims edges where the subject is a property and the object has a Wikibase mform URL.,,kgtk (.gz),0.000414,10/23/2020,,CC-0,https://creativecommons.org/share-your-work/public-domain/cc0/,https://drive.google.com/file/d/1Tpd5KlxbxOzcFSFNCJ8vLvjmpLky4_To/view?usp=sharing ,,,,
part.property.wikibase-form,20200803-v3,File with claims edges where the subject is a property and the object has a Wikibase form Wikidata datatype.,,kgtk (.gz),0.00022,10/23/2020,,CC-0,https://creativecommons.org/share-your-work/public-domain/cc0/,https://drive.google.com/file/d/1UHCa-fa8V8Ziw48FyHHDF-ynSndJvF5D/view?usp=sharing ,,,,
part.property.wikibase-item.qual,20200803-v3,File with qualifier edges for claims edges where the subject is a property and the object has a Wikibase item Wikidata datatype.,,kgtk (.gz),2,10/23/2020,,CC-0,https://creativecommons.org/share-your-work/public-domain/cc0/,https://drive.google.com/file/d/1UaHD2cZ-Q15lGNQOEqGyP7qbx3hLK26l/view?usp=sharing ,,,,
part.property.wikibase-item,20200803-v3,File with claims edges where the subject is a property and the object has a Wilibase item Wikidata datatype.,,kgtk (.gz),1,10/23/2020,,CC-0,https://creativecommons.org/share-your-work/public-domain/cc0/,https://drive.google.com/file/d/1W4_6swJ9Q-HnV44x1PUOYxjXR_eogydY/view?usp=sharing ,,,,
part.property.wikibase-lexeme.qual,20200803-v3,File with qualifier edges for claims edges where the subject is a property and the object has a Wikibase lexeme Wikidata datatype.,,kgtk (.gz),0.003,10/23/2020,,CC-0,https://creativecommons.org/share-your-work/public-domain/cc0/,https://drive.google.com/file/d/1_WPJ901v5tMABdhTkwOejEupthyd3_iz/view?usp=sharing ,,,,
part.property.wikibase-lexeme,20200803-v3,File with claims edges where the subject is a property and the object has a Wikibase lexeme Wikidata datatype.,,kgtk (.gz),0.002,10/23/2020,,CC-0,https://creativecommons.org/share-your-work/public-domain/cc0/,https://drive.google.com/file/d/1_r9gHaYy84E0jKTLs7J4lcJ4Jv-WsC9z/view?usp=sharing ,,,,
part.property.wikibase-property.qual,20200803-v3,File with qualifier edges for claims edges where the subject is a property and the object has a Wikibase property Wikidata datatype.,,kgtk (.gz),0.005,10/23/2020,,CC-0,https://creativecommons.org/share-your-work/public-domain/cc0/,https://drive.google.com/file/d/1aR17dGA0aMayFaMMAlBEx5RhgmNW20fg/view?usp=sharing ,,,,
part.property.wikibase-property,20200803-v3,File with claims edges where the subject is a property and the object has a Wikibase property Wikidata datatype.,,kgtk (.gz),0.174,10/23/2020,,CC-0,https://creativecommons.org/share-your-work/public-domain/cc0/,https://drive.google.com/file/d/1a_VYmeEA8RfFAJXeP0j3D0fbRqSQwMmg/view?usp=sharing ,,,,
part.property.wikibase-sense.qual,20200803-v3,File with qualifier edges for claims edges where the subject is a property and the object has a Wikibase sense Wikidata datatype.,,kgtk (.gz),0.00075,10/23/2020,,CC-0,https://creativecommons.org/share-your-work/public-domain/cc0/,https://drive.google.com/file/d/1bwZdNfO87YXhrc-eAwpz2s1NBs5AFhkL/view?usp=sharing ,,,,
part.property.wikibase-sense,20200803-v3,File with claims edges where the subject is a property and the object has a Wikibase sense Wikidata datatype.,,kgtk (.gz),0.00048,10/23/2020,,CC-0,https://creativecommons.org/share-your-work/public-domain/cc0/,https://drive.google.com/file/d/1c2q8WnIVEgGB-_32kxOTt8sl7gXUEnNe/view?usp=sharing ,,,,
part.quantity.qual,20200803-v3,File with qualifier edges for claims edges where the object has a quantity Wikidata datatype.,,kgtk (.gz),833,10/23/2020,,CC-0,https://creativecommons.org/share-your-work/public-domain/cc0/,https://drive.google.com/file/d/1cFYzr75--4IkOFzCeF7gVoYweg5PAsdH/view?usp=sharing ,,,,
part.quantity,20200803-v3,File with claims edges where the object has a quantity Widata datatype.,,kgtk (.gz),2000,10/23/2020,,CC-0,https://creativecommons.org/share-your-work/public-domain/cc0/,https://drive.google.com/file/d/1dgfbAIDrY0HXs9k3C2sXk_Gx13rx8aPm/view?usp=sharing ,,,,
part.string.qual,20200803-v3,File with qualifier edges for claims edges where the object has a string Wikidata datatype.,,kgtk (.gz),3000,10/23/2020,,CC-0,https://creativecommons.org/share-your-work/public-domain/cc0/,https://drive.google.com/file/d/1eSLi6rLvz3eVnzER0R7EOtQUp2jIXd87/view?usp=sharing ,,,,
part.string,20200803-v3,File with claims edges where the object has a string Wikidata datatype.,,kgtk (.gz),6000,10/23/2020,,CC-0,https://creativecommons.org/share-your-work/public-domain/cc0/,https://drive.google.com/file/d/1gUoE4VaKfkdmkGw-L96JpQam-MFPResO/view?usp=sharing ,,,,
part.tabular-data.qual,20200803-v3,File with qualifier edges for claims edges where the object has a tabular data Wikidata datatype.,,kgtk (.gz),0.124,10/23/2020,,CC-0,https://creativecommons.org/share-your-work/public-domain/cc0/,https://drive.google.com/file/d/1h_JUrQLOjEAWVBrWOuAQeRhYiqi8boRq/view?usp=sharing ,,,,
part.tabular-data,20200803-v3,File with claims edges where the object has a tabular data Wikidata datatype.,,kgtk (.gz),0.157,10/23/2020,,CC-0,https://creativecommons.org/share-your-work/public-domain/cc0/,https://drive.google.com/file/d/1ixejQF8503kH74AiZs1fmG0n36R6qNr9/view?usp=sharing ,,,,
part.time.qual,20200803-v3,File with qualifier edges for claims edges where the object has a time Wikidata datatype.,,kgtk (.gz),11,10/23/2020,,CC-0,https://creativecommons.org/share-your-work/public-domain/cc0/,https://drive.google.com/file/d/1j_ilsVZ0KGPBmiE3lWG2to8XcRUD2yiI/view?usp=sharing ,,,,
part.time,20200803-v3,File with claims edges where the object has a time Wikidata datatype.,,kgtk (.gz),798,10/23/2020,,CC-0,https://creativecommons.org/share-your-work/public-domain/cc0/,https://drive.google.com/file/d/1jkr4HnUbmMSqkaLHeXssbbOYn81egtHJ/view?usp=sharing ,,,,
part.url.qual,20200803-v3,File with qualifier edges for claims edges where the object has a URL Wikidata datatype.,,kgtk (.gz),16,10/23/2020,,CC-0,https://creativecommons.org/share-your-work/public-domain/cc0/,https://drive.google.com/file/d/1lRrSitBysUsqQL92bJa6hY6LgeXlQLCA/view?usp=sharing ,,,,
part.url,20200803-v3,File with claims edges where the object has a URL Wikidata datatype.,,kgtk (.gz),151,10/23/2020,,CC-0,https://creativecommons.org/share-your-work/public-domain/cc0/,https://drive.google.com/file/d/1mM3-svIttzU23WPH2VQfpXzXWgdgrVVY/view?usp=sharing ,,,,
part.wikibase-form.qual,20200803-v3,File with qualifier edges for claims edges where the object has a Wikibase form Wikidata datatype.,,kgtk (.gz),0.00008,10/23/2020,,CC-0,https://creativecommons.org/share-your-work/public-domain/cc0/,https://drive.google.com/file/d/1mdVyJRkjLDcH0qktO8d3W_IRe4RxlwDU/view?usp=sharing ,,,,
part.wikibase-form,20200803-v3,File with claims edges where the object has a Wikibase form Wikidata datatype.,,kgtk (.gz),0.007,10/23/2020,,CC-0,https://creativecommons.org/share-your-work/public-domain/cc0/,https://drive.google.com/file/d/1qJDwA84OuY20q_L7nq7pU8hHG8SlK1LS/view?usp=sharing ,,,,
part.wikibase-item.qual,20200803-v3,File with qualifier edges for claims edges where the object has a Wikibase item Wikidata datatype.,,kgtk (.gz),967,10/23/2020,,CC-0,https://creativecommons.org/share-your-work/public-domain/cc0/,https://drive.google.com/file/d/1qfLCDkHV9EzPo-Fn12m2B_TkpMr313uv/view?usp=sharing ,,,,
part.wikibase-item,20200803-v3,File with claims edges where the object has a Wikibase item Wikidata datatype.,,kgtk (.gz),7000,10/23/2020,,CC-0,https://creativecommons.org/share-your-work/public-domain/cc0/,https://drive.google.com/file/d/1rBPdrVqULQazFT7xHTr1Cu03R1i0j2Rb/view?usp=sharing ,,,,
part.wikibase-lexeme.qual,20200803-v3,File with qualifier edges for claims edges where the object has a Wikibase lexeme Wikidata datatype.,,kgtk (.gz),0.00045,10/23/2020,,CC-0,https://creativecommons.org/share-your-work/public-domain/cc0/,https://drive.google.com/file/d/1rYAGsMobcp5me_Q-jnjWuoQduC9hd_qy/view?usp=sharing ,,,,
part.wikibase-lexeme,20200803-v3,File with claims edges where the object has a Wikibase lexeme Wikidata datatype.,,kgtk (.gz),0.03,10/23/2020,,CC-0,https://creativecommons.org/share-your-work/public-domain/cc0/,https://drive.google.com/file/d/1rj8EXS0_STbLp-OtNbOQ4TcQcExX2JCJ/view?usp=sharing ,,,,
part.wikibase-property.qual,20200803-v3,File with qualifier edges for claims edges where the object has a Wikibase property Wikidata datatype.,,kgtk (.gz),0.006,10/23/2020,,CC-0,https://creativecommons.org/share-your-work/public-domain/cc0/,https://drive.google.com/file/d/1tYL0XiZrwdFyzWYa8Sxs32G0gKlkiCmL/view?usp=sharing ,,,,
part.wikibase-property,20200803-v3,File with claims edges where the object has a Wikibase property Wikidata datatype.,,kgtk (.gz),0.307,10/23/2020,,CC-0,https://creativecommons.org/share-your-work/public-domain/cc0/,https://drive.google.com/file/d/1tfOxskkRQ22XWqOsC6CP3JGcEs4ZhBnc/view?usp=sharing ,,,,
part.wikibase-sense.qual,20200803-v3,File with qualifier edges for claims edges where the object has a Wikibase sense Wikidata datatype.,,kgtk (.gz),0.00008,10/23/2020,,CC-0,https://creativecommons.org/share-your-work/public-domain/cc0/,https://drive.google.com/file/d/1v3PZi1LYJG6MyU4o6u4nmnttFZMSvtbl/view?usp=sharing ,,,,
part.wikibase-sense,20200803-v3,File with claims edges where the object has a Wikibase sense Wikidata datatype.,,kgtk (.gz),0.00008,10/23/2020,,CC-0,https://creativecommons.org/share-your-work/public-domain/cc0/,https://drive.google.com/file/d/1vE_iOXXXcZds8c3ZS82ylyN91k3SQig9/view?usp=sharing ,,,,
part.wikipedia_sitelink.en,20200803-v3,File with all Wikidata entity sitelinks in English.,,kgtk (.gz),448,10/23/2020,,CC-0,https://creativecommons.org/share-your-work/public-domain/cc0/,https://drive.google.com/file/d/1wgKWaAgL2a4K69_U45qM6--lGOIY00tZ/view?usp=sharing ,,,,
part.wikipedia_sitelink,20200803-v3,File with all Wikidata sitelinks.,,kgtk (.gz),3000,10/23/2020,,CC-0,https://creativecommons.org/share-your-work/public-domain/cc0/,https://drive.google.com/file/d/1wzZqmr0DATcH5e0mvokGkDE8KHFz_2ML/view?usp=sharing ,,,,
property.datatype,20200803-v3,File with the Wikidata datatype for each property,,kgtk (.gz),0.043,10/23/2020,,CC-0,https://creativecommons.org/share-your-work/public-domain/cc0/,https://drive.google.com/file/d/1ykE1XJ1rmxz7hCQymYbfwWJn2HKI7fxW/view?usp=sharing ,,,,
qual.full,20200803-v3,File with the qualifier edges for all claims edges with additional metadata columns.,,kgtk (.gz),6000,10/23/2020,,CC-0,https://creativecommons.org/share-your-work/public-domain/cc0/,https://drive.google.com/file/d/1yvsrg2mtzDGsG_cxH8FBc8xtb7jWfA9F/view?usp=sharing ,,,,
qual,20200803-v3,File with the qualifier edges for all claims edges.,,kgtk (.gz),5000,10/23/2020,,CC-0,https://creativecommons.org/share-your-work/public-domain/cc0/,https://drive.google.com/file/d/1yzNUAF4FWqGpo2H-wG6cWve3V4YX3E6u/view?usp=sharing ,,,,
types,20200803-v3,"File with the type (property, item) for each Wikidata entity ID.",,kgtk (.gz),454,10/23/2020,,CC-0,https://creativecommons.org/share-your-work/public-domain/cc0/,https://drive.google.com/file/d/1zSp0jxPYGeJ9B04-5jqvKmOgcMQHrDFc/view?usp=sharing,,,,
